server,request_type,api,parameters,response_time,response_code,timestamp
OMEGA,GET,/api/get-resources/,['documents' 'sort'],105,200,2024-01-14 13:08:48
DELTA,POST,/api/create-resources/,['sort' 'id' 'size' 'documents'],109,201,2024-02-10 23:08:56
OMEGA,GET,/api/get-resources/,['sort'],72,200,2024-01-03 13:49:59
OMEGA,PUT,/api/modify-resources/,['id' 'sort' 'size'],29,200,2024-02-27 05:05:18
OMEGA,PUT,/api/modify-resources/,['sort'],94,400,2024-02-03 00:50:28
OMEGA,GET,/api/get-resources/,['sort' 'size'],264,200,2024-02-06 21:17:41
OMEGA,PUT,/api/modify-resources/,[],35,400,2024-02-22 01:30:07
OMEGA,PUT,/api/modify-resources/,['size' 'documents'],223,403,2024-03-01 01:15:19
KAPPA,GET,/api/get-resources/,['id'],58,400,2024-01-05 10:46:42
OMEGA,DELETE,/api/modify-resources/,['documents'],7,403,2024-02-06 21:45:29
OMEGA,POST,/api/create-resources/,['documents' 'id'],99,201,2024-02-04 11:50:26
OMEGA,GET,/api/get-resources/,[],135,400,2024-01-17 14:46:55
OMEGA,GET,/api/get-resources/,['size' 'documents' 'sort'],123,200,2024-02-24 01:47:13
OMEGA,GET,/api/get-resources/,[],30,200,2024-01-04 02:47:56
KAPPA,GET,/api/get-resources/,[],58,200,2024-02-25 01:37:31
KAPPA,GET,/api/get-resources/,['sort' 'size' 'id'],173,200,2024-02-14 13:12:08
OMEGA,GET,/api/get-resources/,['id' 'size' 'documents' 'sort'],20,400,2024-02-26 18:11:02
OMEGA,GET,/api/get-resources/,['sort' 'size'],19,200,2024-01-14 10:20:10
OMEGA,GET,/api/get-resources/,[],34,403,2024-01-15 20:08:45
OMEGA,PUT,/api/modify-resources/,[],1,200,2024-02-27 20:31:14
KAPPA,GET,/api/get-resources/,['size' 'sort' 'documents' 'id'],495,403,2024-01-02 02:45:09
OMEGA,GET,/api/get-resources/,['size' 'sort' 'documents' 'id'],25,403,2024-02-03 00:39:58
OMEGA,GET,/api/get-resources/,['id' 'size' 'sort'],183,200,2024-01-26 13:44:27
KAPPA,PUT,/api/modify-resources/,[],26,403,2024-01-29 23:25:36
KAPPA,GET,/api/get-resources/,['sort'],0,200,2024-01-16 16:26:11
OMEGA,PUT,/api/modify-resources/,[],287,400,2024-02-17 10:32:01
OMEGA,DELETE,/api/modify-resources/,['sort' 'documents'],199,200,2024-01-24 09:16:17
KAPPA,PUT,/api/modify-resources/,['sort' 'size' 'documents'],131,403,2024-02-21 17:17:43
DELTA,GET,/api/get-resources/,['documents' 'sort' 'id'],24,500,2024-01-17 00:46:25
OMEGA,PUT,/api/modify-resources/,['documents'],72,500,2024-01-20 12:42:57
DELTA,GET,/api/get-resources/,['id' 'size'],19,200,2024-02-20 06:02:20
OMEGA,GET,/api/get-resources/,[],111,200,2024-02-27 02:51:31
OMEGA,GET,/api/get-resources/,[],27,200,2024-01-06 17:11:08
OMEGA,DELETE,/api/modify-resources/,[],158,200,2024-01-28 00:53:56
OMEGA,GET,/api/get-resources/,['sort'],1,400,2024-02-25 10:37:36
OMEGA,GET,/api/get-resources/,['size' 'sort' 'documents'],40,403,2024-01-19 11:41:14
OMEGA,POST,/api/create-resources/,['size' 'sort'],136,201,2024-02-15 08:14:46
KAPPA,GET,/api/get-resources/,[],25,200,2024-02-02 22:37:56
KAPPA,GET,/api/get-resources/,['sort'],71,200,2024-02-13 13:20:43
OMEGA,GET,/api/get-resources/,['sort' 'size' 'documents'],295,200,2024-01-08 07:39:34
OMEGA,PUT,/api/modify-resources/,[],196,400,2024-02-22 11:39:40
KAPPA,DELETE,/api/modify-resources/,['size'],109,200,2024-02-17 03:37:33
OMEGA,DELETE,/api/modify-resources/,['sort'],195,200,2024-02-07 21:44:55
OMEGA,PUT,/api/modify-resources/,['id' 'documents' 'size'],75,400,2024-02-23 23:02:02
OMEGA,GET,/api/get-resources/,['documents'],142,200,2024-01-06 16:16:33
OMEGA,GET,/api/get-resources/,['documents' 'sort'],144,200,2024-02-26 17:13:56
OMEGA,PUT,/api/modify-resources/,[],18,500,2024-01-08 18:40:23
KAPPA,GET,/api/get-resources/,[],35,400,2024-01-23 20:03:53
OMEGA,PUT,/api/modify-resources/,['id' 'sort' 'documents' 'size'],43,400,2024-03-01 03:15:48
OMEGA,POST,/api/create-resources/,['sort' 'id' 'documents' 'size'],29,201,2024-01-26 07:37:41
OMEGA,PUT,/api/modify-resources/,['size' 'sort' 'documents'],14,200,2024-01-30 03:02:37
OMEGA,DELETE,/api/modify-resources/,[],96,200,2024-02-24 15:52:12
KAPPA,GET,/api/get-resources/,['id'],108,200,2024-01-13 20:38:46
KAPPA,DELETE,/api/modify-resources/,['sort' 'documents'],117,200,2024-02-12 13:02:38
KAPPA,PUT,/api/modify-resources/,['documents' 'sort' 'size' 'id'],2,200,2024-02-23 20:19:01
OMEGA,POST,/api/create-resources/,['size'],158,201,2024-01-11 09:24:42
DELTA,GET,/api/get-resources/,['sort' 'documents'],4,400,2024-02-03 06:58:08
OMEGA,POST,/api/create-resources/,['sort' 'size'],74,201,2024-01-25 09:09:17
KAPPA,PUT,/api/modify-resources/,['sort' 'id' 'documents'],38,403,2024-01-05 06:43:46
OMEGA,PUT,/api/modify-resources/,['documents' 'size'],185,200,2024-02-12 21:33:04
OMEGA,GET,/api/get-resources/,[],92,200,2024-01-15 11:19:17
OMEGA,PUT,/api/modify-resources/,['documents'],147,200,2024-01-05 01:28:05
OMEGA,PUT,/api/modify-resources/,[],40,403,2024-01-21 09:30:49
OMEGA,POST,/api/create-resources/,['documents' 'sort'],58,403,2024-02-09 10:55:40
KAPPA,DELETE,/api/modify-resources/,['sort'],24,403,2024-01-18 04:33:42
KAPPA,GET,/api/get-resources/,['size' 'id'],73,403,2024-02-09 23:21:40
KAPPA,PUT,/api/modify-resources/,['documents' 'size'],50,200,2024-01-11 11:52:51
OMEGA,GET,/api/get-resources/,['documents' 'sort' 'size'],66,200,2024-02-14 16:35:03
OMEGA,DELETE,/api/modify-resources/,['sort'],45,200,2024-01-19 18:01:30
OMEGA,GET,/api/get-resources/,[],189,500,2024-01-28 02:24:30
OMEGA,GET,/api/get-resources/,['documents' 'sort' 'size' 'id'],30,200,2024-01-03 16:18:50
OMEGA,PUT,/api/modify-resources/,['size' 'id'],13,200,2024-02-27 22:06:42
OMEGA,PUT,/api/modify-resources/,['id' 'size' 'documents' 'sort'],41,500,2024-01-12 05:28:27
OMEGA,GET,/api/get-resources/,['documents' 'size'],136,200,2024-02-12 08:05:15
OMEGA,PUT,/api/modify-resources/,['documents'],5,200,2024-01-07 19:03:02
KAPPA,PUT,/api/modify-resources/,[],11,400,2024-01-30 03:48:05
OMEGA,POST,/api/create-resources/,['sort' 'documents'],15,201,2024-01-29 16:55:35
OMEGA,GET,/api/get-resources/,['sort' 'documents' 'id'],40,400,2024-01-17 21:30:47
OMEGA,GET,/api/get-resources/,['documents' 'id' 'size' 'sort'],86,403,2024-01-30 12:04:47
OMEGA,GET,/api/get-resources/,['documents' 'size' 'id' 'sort'],8,400,2024-02-01 06:53:42
OMEGA,GET,/api/get-resources/,['size'],33,200,2024-01-17 11:24:34
OMEGA,GET,/api/get-resources/,['id' 'documents' 'sort' 'size'],125,200,2024-01-23 19:17:00
OMEGA,GET,/api/get-resources/,['sort'],1,200,2024-01-05 11:41:08
OMEGA,GET,/api/get-resources/,[],53,200,2024-02-25 21:24:37
OMEGA,POST,/api/create-resources/,['documents' 'sort' 'size'],45,201,2024-01-15 07:51:58
OMEGA,GET,/api/get-resources/,[],110,403,2024-01-22 05:56:12
OMEGA,PUT,/api/modify-resources/,[],120,400,2024-01-12 18:47:09
OMEGA,PUT,/api/modify-resources/,['documents' 'size' 'sort' 'id'],40,400,2024-02-12 23:16:14
OMEGA,PUT,/api/modify-resources/,['sort' 'id' 'size' 'documents'],14,200,2024-01-16 10:51:53
DELTA,GET,/api/get-resources/,['sort' 'id'],27,403,2024-01-27 22:10:56
DELTA,GET,/api/get-resources/,['documents'],101,200,2024-01-08 12:32:57
DELTA,GET,/api/get-resources/,['documents' 'sort'],79,200,2024-02-22 10:38:45
OMEGA,GET,/api/get-resources/,['sort' 'documents' 'size'],250,400,2024-01-21 18:32:46
OMEGA,GET,/api/get-resources/,['size' 'sort' 'id' 'documents'],131,200,2024-01-07 01:05:22
OMEGA,GET,/api/get-resources/,['sort' 'size' 'id' 'documents'],102,500,2024-01-02 21:30:45
KAPPA,PUT,/api/modify-resources/,[],267,500,2024-01-29 23:49:04
DELTA,DELETE,/api/modify-resources/,['sort' 'documents' 'size'],26,400,2024-02-23 00:34:49
DELTA,PUT,/api/modify-resources/,['documents' 'sort'],169,200,2024-01-03 19:37:57
OMEGA,POST,/api/create-resources/,['sort' 'documents' 'size'],45,400,2024-02-15 09:05:52
KAPPA,PUT,/api/modify-resources/,['documents' 'sort' 'id'],51,400,2024-01-03 15:09:08
OMEGA,GET,/api/get-resources/,['sort' 'id' 'documents'],12,200,2024-01-26 06:12:29
OMEGA,GET,/api/get-resources/,['id' 'documents'],60,200,2024-02-06 19:25:41
OMEGA,PUT,/api/modify-resources/,[],587,200,2024-02-22 08:56:14
OMEGA,PUT,/api/modify-resources/,[],57,403,2024-01-04 21:48:29
DELTA,PUT,/api/modify-resources/,[],201,400,2024-01-24 03:51:00
OMEGA,POST,/api/create-resources/,['size' 'sort' 'documents' 'id'],42,500,2024-02-15 03:36:27
OMEGA,PUT,/api/modify-resources/,['size' 'sort' 'documents' 'id'],84,500,2024-01-12 02:52:51
DELTA,GET,/api/get-resources/,['documents' 'sort'],171,200,2024-01-03 11:50:06
KAPPA,GET,/api/get-resources/,['sort' 'documents' 'size'],79,200,2024-01-20 06:08:30
OMEGA,POST,/api/create-resources/,['sort'],58,201,2024-01-30 06:44:18
KAPPA,POST,/api/create-resources/,[],0,403,2024-02-24 22:43:06
DELTA,GET,/api/get-resources/,['documents' 'size' 'id'],90,400,2024-01-07 16:40:51
OMEGA,GET,/api/get-resources/,['sort' 'id' 'size'],17,403,2024-01-11 05:55:24
OMEGA,GET,/api/get-resources/,['id' 'sort' 'size'],61,400,2024-02-12 06:45:30
OMEGA,GET,/api/get-resources/,['id' 'sort'],63,400,2024-02-22 06:02:01
DELTA,GET,/api/get-resources/,['sort' 'documents' 'size' 'id'],97,200,2024-01-24 20:02:42
KAPPA,GET,/api/get-resources/,['sort' 'documents' 'id'],25,200,2024-02-15 02:50:57
OMEGA,POST,/api/create-resources/,['sort' 'id'],100,201,2024-02-01 13:20:16
OMEGA,GET,/api/get-resources/,['sort' 'documents'],100,200,2024-02-27 21:08:30
DELTA,GET,/api/get-resources/,[],100,200,2024-01-19 13:11:37
OMEGA,PUT,/api/modify-resources/,['documents'],32,400,2024-02-17 15:41:47
OMEGA,GET,/api/get-resources/,['size' 'id'],40,200,2024-01-24 14:56:31
OMEGA,GET,/api/get-resources/,['size' 'documents' 'id'],600,400,2024-02-03 09:00:46
OMEGA,PUT,/api/modify-resources/,['documents' 'id' 'size'],93,200,2024-01-25 09:48:46
OMEGA,PUT,/api/modify-resources/,['size' 'sort' 'documents' 'id'],42,500,2024-01-18 23:25:49
OMEGA,PUT,/api/modify-resources/,['sort' 'documents' 'id' 'size'],76,500,2024-02-20 22:29:33
OMEGA,PUT,/api/modify-resources/,['size' 'id'],53,200,2024-01-18 10:07:44
OMEGA,PUT,/api/modify-resources/,[],17,500,2024-02-23 17:25:11
OMEGA,PUT,/api/modify-resources/,['id' 'sort' 'documents'],27,200,2024-01-02 04:34:49
OMEGA,GET,/api/get-resources/,['id' 'documents' 'sort'],33,200,2024-01-05 23:42:59
OMEGA,PUT,/api/modify-resources/,[],102,200,2024-01-08 04:37:26
OMEGA,POST,/api/create-resources/,['documents'],117,201,2024-02-24 15:30:40
KAPPA,GET,/api/get-resources/,['documents'],31,200,2024-02-10 09:45:20
OMEGA,PUT,/api/modify-resources/,['size' 'sort' 'id' 'documents'],59,200,2024-02-12 23:36:52
OMEGA,GET,/api/get-resources/,['size' 'documents' 'sort'],83,200,2024-03-01 07:05:54
OMEGA,PUT,/api/modify-resources/,['sort'],116,400,2024-01-26 16:40:12
OMEGA,GET,/api/get-resources/,['sort'],21,400,2024-01-16 04:44:50
OMEGA,GET,/api/get-resources/,['documents' 'sort' 'id' 'size'],273,200,2024-01-04 04:03:22
OMEGA,PUT,/api/modify-resources/,['documents' 'sort' 'size'],141,200,2024-01-23 15:55:00
KAPPA,PUT,/api/modify-resources/,['size'],43,200,2024-02-22 20:55:20
OMEGA,GET,/api/get-resources/,['size' 'sort'],64,403,2024-01-07 22:23:49
OMEGA,PUT,/api/modify-resources/,['sort' 'documents' 'size' 'id'],167,403,2024-02-12 15:18:06
OMEGA,POST,/api/create-resources/,['size' 'documents' 'sort'],11,500,2024-02-18 14:11:04
OMEGA,GET,/api/get-resources/,['id' 'size' 'documents' 'sort'],136,200,2024-02-11 22:41:59
DELTA,POST,/api/create-resources/,[],37,201,2024-02-25 20:18:39
OMEGA,GET,/api/get-resources/,['sort' 'size'],30,400,2024-01-18 00:13:26
OMEGA,POST,/api/create-resources/,['size' 'id'],13,201,2024-02-26 19:55:00
OMEGA,DELETE,/api/modify-resources/,['size' 'id' 'sort'],236,200,2024-02-02 08:39:53
OMEGA,GET,/api/get-resources/,['id'],6,200,2024-02-18 02:31:35
OMEGA,PUT,/api/modify-resources/,['documents' 'sort' 'id' 'size'],120,200,2024-01-09 13:11:39
OMEGA,GET,/api/get-resources/,['documents' 'sort' 'size'],90,403,2024-01-01 02:40:55
OMEGA,GET,/api/get-resources/,['size' 'documents' 'sort'],15,200,2024-02-20 08:03:04
OMEGA,PUT,/api/modify-resources/,[],318,200,2024-02-23 07:46:28
OMEGA,GET,/api/get-resources/,['size' 'documents' 'sort'],68,200,2024-02-29 02:46:25
DELTA,PUT,/api/modify-resources/,[],264,400,2024-01-10 01:11:35
OMEGA,PUT,/api/modify-resources/,[],1,400,2024-01-15 22:46:43
OMEGA,PUT,/api/modify-resources/,['size' 'sort'],138,200,2024-02-16 20:18:19
KAPPA,GET,/api/get-resources/,['documents' 'size' 'sort' 'id'],35,200,2024-01-19 12:09:15
KAPPA,GET,/api/get-resources/,['sort'],3,403,2024-01-27 19:42:11
DELTA,PUT,/api/modify-resources/,['sort' 'documents' 'size' 'id'],73,200,2024-01-01 05:58:38
OMEGA,GET,/api/get-resources/,['sort' 'documents' 'id' 'size'],160,400,2024-02-17 12:56:40
KAPPA,GET,/api/get-resources/,['sort' 'documents' 'id'],91,200,2024-02-23 14:03:38
DELTA,GET,/api/get-resources/,['sort' 'size'],68,403,2024-01-24 04:27:26
OMEGA,GET,/api/get-resources/,['sort' 'id' 'size'],27,200,2024-02-15 22:06:52
DELTA,PUT,/api/modify-resources/,['sort'],44,200,2024-01-04 14:15:43
OMEGA,PUT,/api/modify-resources/,[],65,403,2024-02-12 17:59:16
OMEGA,PUT,/api/modify-resources/,['documents'],11,200,2024-01-15 23:41:15
OMEGA,PUT,/api/modify-resources/,['size' 'sort' 'documents' 'id'],9,400,2024-01-08 19:08:53
KAPPA,DELETE,/api/modify-resources/,['sort' 'id' 'documents'],296,500,2024-03-01 20:32:52
DELTA,DELETE,/api/modify-resources/,[],59,400,2024-01-23 19:03:15
OMEGA,DELETE,/api/modify-resources/,[],17,200,2024-01-10 13:23:20
DELTA,PUT,/api/modify-resources/,['documents'],1,400,2024-01-03 19:27:07
OMEGA,PUT,/api/modify-resources/,['documents' 'sort'],113,200,2024-01-24 17:01:16
OMEGA,GET,/api/get-resources/,['sort'],56,200,2024-01-08 16:00:34
OMEGA,GET,/api/get-resources/,['sort'],100,200,2024-02-26 14:51:16
OMEGA,GET,/api/get-resources/,['sort' 'size'],19,200,2024-01-01 21:53:51
KAPPA,GET,/api/get-resources/,['documents' 'size'],59,400,2024-01-16 08:06:35
OMEGA,DELETE,/api/modify-resources/,['id' 'documents'],19,400,2024-02-11 04:42:41
OMEGA,GET,/api/get-resources/,['sort' 'documents'],17,200,2024-02-07 08:24:00
KAPPA,GET,/api/get-resources/,['size' 'sort' 'documents'],163,400,2024-02-25 19:24:31
OMEGA,POST,/api/create-resources/,[],20,500,2024-02-08 10:17:39
OMEGA,GET,/api/get-resources/,[],108,403,2024-02-18 05:27:30
KAPPA,PUT,/api/modify-resources/,['size'],325,400,2024-02-04 04:58:02
OMEGA,GET,/api/get-resources/,['size' 'sort'],163,400,2024-01-14 06:43:07
OMEGA,PUT,/api/modify-resources/,['size' 'sort'],236,403,2024-01-04 05:44:41
OMEGA,PUT,/api/modify-resources/,['sort' 'size'],90,200,2024-02-10 08:11:32
OMEGA,GET,/api/get-resources/,['size' 'sort' 'documents' 'id'],86,403,2024-02-05 12:30:35
OMEGA,PUT,/api/modify-resources/,['sort' 'documents'],170,403,2024-02-16 18:47:12
KAPPA,GET,/api/get-resources/,['documents' 'size'],37,403,2024-02-15 11:17:28
KAPPA,GET,/api/get-resources/,['sort'],6,403,2024-02-08 14:02:09
KAPPA,PUT,/api/modify-resources/,['id' 'documents' 'sort'],76,200,2024-02-22 02:18:14
OMEGA,GET,/api/get-resources/,['size' 'documents'],64,400,2024-02-06 01:35:46
OMEGA,GET,/api/get-resources/,[],315,400,2024-02-24 12:10:26
OMEGA,POST,/api/create-resources/,[],85,400,2024-02-15 01:49:18
KAPPA,GET,/api/get-resources/,['size' 'documents' 'id'],42,200,2024-01-05 09:39:56
KAPPA,GET,/api/get-resources/,['size' 'sort' 'documents'],49,200,2024-01-23 19:07:25
KAPPA,GET,/api/get-resources/,['sort' 'documents' 'id'],10,200,2024-02-22 10:44:23
OMEGA,PUT,/api/modify-resources/,['documents' 'sort' 'size'],40,400,2024-02-17 12:15:40
OMEGA,PUT,/api/modify-resources/,['sort' 'size'],198,200,2024-02-13 04:12:59
KAPPA,PUT,/api/modify-resources/,['sort' 'id'],205,400,2024-02-04 19:46:14
OMEGA,GET,/api/get-resources/,[],158,500,2024-02-14 03:34:05
OMEGA,GET,/api/get-resources/,['sort' 'size' 'id' 'documents'],92,500,2024-01-05 21:51:23
DELTA,GET,/api/get-resources/,['id'],207,403,2024-01-20 22:09:49
OMEGA,PUT,/api/modify-resources/,['sort'],69,403,2024-01-23 14:55:34
OMEGA,GET,/api/get-resources/,['documents' 'id' 'sort' 'size'],23,200,2024-01-15 01:08:50
KAPPA,GET,/api/get-resources/,['documents'],117,200,2024-01-03 12:04:19
OMEGA,GET,/api/get-resources/,['sort'],119,400,2024-01-02 12:46:21
OMEGA,GET,/api/get-resources/,['sort' 'documents' 'id'],19,200,2024-01-07 04:06:03
OMEGA,PUT,/api/modify-resources/,[],272,200,2024-01-22 12:14:54
KAPPA,GET,/api/get-resources/,['documents' 'size' 'sort' 'id'],318,200,2024-01-04 00:35:10
OMEGA,GET,/api/get-resources/,['sort' 'documents' 'size'],35,200,2024-01-11 11:34:09
OMEGA,PUT,/api/modify-resources/,[],142,200,2024-01-15 09:38:34
OMEGA,GET,/api/get-resources/,['sort' 'size' 'id' 'documents'],155,400,2024-02-01 13:44:13
OMEGA,GET,/api/get-resources/,['id' 'documents'],117,200,2024-02-28 18:44:48
OMEGA,PUT,/api/modify-resources/,['sort' 'size' 'documents' 'id'],2,400,2024-01-21 21:02:24
OMEGA,PUT,/api/modify-resources/,['sort' 'size' 'id'],4,200,2024-01-10 05:33:57
OMEGA,GET,/api/get-resources/,['documents' 'sort'],226,200,2024-01-15 19:40:28
OMEGA,GET,/api/get-resources/,[],109,403,2024-01-10 01:14:30
OMEGA,PUT,/api/modify-resources/,['sort'],72,400,2024-02-26 22:33:45
KAPPA,GET,/api/get-resources/,[],111,200,2024-02-11 01:30:51
KAPPA,DELETE,/api/modify-resources/,['sort' 'documents' 'size' 'id'],131,200,2024-01-11 01:24:24
OMEGA,GET,/api/get-resources/,['sort' 'documents' 'id'],16,200,2024-01-11 12:10:01
OMEGA,GET,/api/get-resources/,[],70,403,2024-02-25 17:44:59
OMEGA,GET,/api/get-resources/,['sort' 'documents' 'size' 'id'],4,500,2024-03-01 08:43:17
OMEGA,POST,/api/create-resources/,[],256,400,2024-01-26 23:11:54
OMEGA,GET,/api/get-resources/,['id' 'documents'],25,403,2024-02-04 01:56:37
OMEGA,PUT,/api/modify-resources/,['sort' 'id' 'documents'],45,200,2024-01-03 23:26:10
OMEGA,GET,/api/get-resources/,['size' 'sort' 'id'],22,200,2024-02-03 02:20:42
OMEGA,GET,/api/get-resources/,['sort' 'id'],20,403,2024-02-25 02:35:19
OMEGA,PUT,/api/modify-resources/,['sort' 'id' 'size' 'documents'],42,200,2024-01-08 22:05:55
OMEGA,POST,/api/create-resources/,['sort' 'id' 'size'],221,400,2024-02-10 05:07:05
OMEGA,PUT,/api/modify-resources/,['size' 'documents' 'sort'],206,200,2024-02-27 14:06:10
OMEGA,POST,/api/create-resources/,[],50,201,2024-02-28 04:31:42
OMEGA,GET,/api/get-resources/,['documents'],42,403,2024-01-25 19:24:12
OMEGA,GET,/api/get-resources/,['documents' 'sort' 'size'],143,400,2024-01-18 01:23:54
OMEGA,GET,/api/get-resources/,['sort'],51,200,2024-02-04 09:16:09
OMEGA,PUT,/api/modify-resources/,[],212,200,2024-01-08 13:25:58
KAPPA,GET,/api/get-resources/,['documents' 'id' 'sort' 'size'],5,200,2024-02-10 13:17:50
OMEGA,GET,/api/get-resources/,['sort' 'documents'],179,200,2024-03-01 00:20:10
OMEGA,POST,/api/create-resources/,['documents' 'sort'],6,201,2024-01-11 06:40:44
OMEGA,GET,/api/get-resources/,['documents' 'id' 'size' 'sort'],9,200,2024-01-31 02:59:31
DELTA,GET,/api/get-resources/,['size'],16,200,2024-01-12 01:42:04
OMEGA,GET,/api/get-resources/,['size' 'id'],99,200,2024-01-15 08:08:32
OMEGA,GET,/api/get-resources/,['size'],68,200,2024-01-15 20:12:44
DELTA,POST,/api/create-resources/,['documents'],352,500,2024-03-01 23:13:36
OMEGA,PUT,/api/modify-resources/,['sort' 'documents' 'size'],121,400,2024-02-24 19:21:40
OMEGA,PUT,/api/modify-resources/,['size' 'documents'],4,200,2024-01-07 15:07:06
OMEGA,POST,/api/create-resources/,['documents' 'size'],164,400,2024-02-04 04:05:05
OMEGA,GET,/api/get-resources/,['size' 'documents' 'id'],4,200,2024-02-05 19:13:15
KAPPA,GET,/api/get-resources/,[],1,400,2024-02-19 05:33:13
